ProductID,Product line,Product Name
FUR-CH-10003950,Electronic accessories,Acccessories
TEC-PH-10000030,Electronic accessories,Acccessories
FUR-CH-10004050,Electronic accessories,Acccessories
FUR-TA-10001889,Electronic accessories,Acccessories
TEC-CIS-10001717,Electronic accessories,Acccessories
FUR-HON-10000224,Electronic accessories,Acccessories
OFF-AP-10003590,Electronic accessories,Acccessories
TEC-MA-10004125,Electronic accessories,Phones
OFF-BI-10001120,Electronic accessories,Phones
TEC-MA-10002680,Electronic accessories,Phones
TEC-CO-10004997,Electronic accessories,Phones
TEC-PH-10001459,Electronic accessories,Phones
FUR-TA-10000687,Electronic accessories,Phones
TEC-PH-10002683,Electronic accessories,Laptops
FUR-TA-10003627,Electronic accessories,Laptops
FUR-CH-10000027,Electronic accessories,Laptops
TEC-PH-10002898,Electronic accessories,Laptops
TEC-PH-10002623,Electronic accessories,Laptops
FUR-CH-10001582,Electronic accessories,Laptops
TEC-CO-10000562,Electronic accessories,Laptops
TEC-PH-10001670,Electronic accessories,Laptops
OFF-AP-10001776,Electronic accessories,Laptops
FUR-BO-10004834,Electronic accessories,Laptops
TEC-PH-10001699,Electronic accessories,Laptops
TEC-PH-10001494,Electronic accessories,Laptops
OFF-AP-10001956,Electronic accessories,Laptops
OFF-AP-10000675,Electronic accessories,Laptops
FUR-BO-10003404,Electronic accessories,Laptops
TEC-MA-10003673,Electronic accessories,Laptops
TEC-PH-10001578,Electronic accessories,Laptops
TEC-CO-10000208,Electronic accessories,Laptops
FUR-BO-10000210,Electronic accessories,Phones
FUR-SAU-10002255,Electronic accessories,Phones
TEC-CO-10001954,Electronic accessories,Phones
OFF-AP-10003866,Electronic accessories,Phones
FUR-CH-10003616,Electronic accessories,Phones
TEC-CO-10001046,Electronic accessories,Phones
FUR-CH-10002335,Electronic accessories,Phones
TEC-CO-10002911,Electronic accessories,Phones
TEC-PH-10000169,Electronic accessories,Phones
OFF-AP-10002681,Electronic accessories,Phones
TEC-AC-10002049,Electronic accessories,Phones
OFF-BI-10003925,Electronic accessories,Acccessories
OFF-AP-10004627,Electronic accessories,Acccessories
TEC-CO-10004722,Electronic accessories,Acccessories
TEC-CIS-10002259,Electronic accessories,Acccessories
TEC-PH-10004182,Electronic accessories,Acccessories
FUR-BO-10004129,Electronic accessories,Acccessories
FUR-BO-10001372,Electronic accessories,Acccessories
FUR-TA-10000136,Electronic accessories,Acccessories
FUR-BO-10002866,Electronic accessories,Acccessories
OFF-ST-10004459,Electronic accessories,Acccessories
TEC-APP-10002966,Electronic accessories,Acccessories
FUR-BO-10001553,Electronic accessories,Acccessories
TEC-CO-10004567,Electronic accessories,Acccessories
OFF-ST-10001758,Electronic accessories,Acccessories
OFF-ST-10004191,Electronic accessories,Acccessories
FUR-OFF-10001224,Electronic accessories,Acccessories
FUR-TA-10003222,Electronic accessories,Acccessories
TEC-PH-10002885,Electronic accessories,Acccessories
TEC-CO-10003800,Electronic accessories,Acccessories
TEC-SAM-10004940,Electronic accessories,Acccessories
TEC-CO-10002095,Electronic accessories,Acccessories
TEC-CO-10003448,Electronic accessories,Acccessories
FUR-BO-10004947,Electronic accessories,Acccessories
FUR-CH-10004694,Electronic accessories,Acccessories
OFF-ST-10000624,Electronic accessories,Acccessories
TEC-CO-10000556,Electronic accessories,Acccessories
TEC-PH-10000499,Electronic accessories,Acccessories
FUR-TA-10001285,Electronic accessories,Acccessories
OFF-BI-10004519,Electronic accessories,Acccessories
OFF-AP-10001305,Electronic accessories,Acccessories
TEC-PH-10003457,Electronic accessories,Acccessories
TEC-MA-10000010,Electronic accessories,Acccessories
TEC-MEM-10002202,Electronic accessories,Acccessories
FUR-BO-10001356,Electronic accessories,Acccessories
FUR-BO-10000980,Electronic accessories,Acccessories
FUR-BO-10001943,Electronic accessories,Acccessories
TEC-BRO-10004802,Electronic accessories,Acccessories
TEC-CO-10001895,Electronic accessories,Acccessories
OFF-AP-10001623,Electronic accessories,Acccessories
FUR-TA-10004711,Electronic accessories,Acccessories
OFF-AP-10000584,Electronic accessories,Acccessories
OFF-BI-10000545,Electronic accessories,Acccessories
TEC-MA-10002428,Electronic accessories,Acccessories
FUR-CH-10000660,Electronic accessories,Acccessories
TEC-MA-10001752,Electronic accessories,Acccessories
FUR-TA-10002101,Electronic accessories,Acccessories
OFF-AP-10003621,Electronic accessories,Acccessories
TEC-STA-10003386,Electronic accessories,Acccessories
FUR-BO-10000259,Electronic accessories,Acccessories
TEC-MA-10002927,Electronic accessories,Acccessories
FUR-TA-10003748,Electronic accessories,Acccessories
TEC-MA-10002468,Electronic accessories,Acccessories
OFF-AP-10003057,Electronic accessories,Acccessories
TEC-AC-10001566,Electronic accessories,Acccessories
TEC-CO-10002283,Electronic accessories,Acccessories
FUR-TA-10002958,Electronic accessories,Acccessories
OFF-AP-10003500,Electronic accessories,Acccessories
TEC-STA-10003447,Electronic accessories,Acccessories
TEC-CO-10003819,Electronic accessories,Acccessories
TEC-PH-10002962,Electronic accessories,Acccessories
FUR-CH-10002585,Electronic accessories,Acccessories
OFF-ST-10002011,Electronic accessories,Acccessories
TEC-CO-10001449,Electronic accessories,Acccessories
TEC-PH-10004823,Electronic accessories,Acccessories
TEC-CO-10000137,Electronic accessories,Acccessories
FUR-BO-10002462,Electronic accessories,Acccessories
TEC-PH-10002815,Electronic accessories,Acccessories
FUR-CH-10003981,Electronic accessories,Acccessories
FUR-CHR-10002165,Electronic accessories,Acccessories
OFF-AP-10000647,Electronic accessories,Acccessories
TEC-EPS-10004558,Electronic accessories,Acccessories
OFF-AP-10004168,Electronic accessories,Acccessories
TEC-OKI-10002750,Electronic accessories,Acccessories
FUR-TA-10002497,Electronic accessories,Acccessories
FUR-BO-10003734,Electronic accessories,Acccessories
TEC-CO-10001375,Electronic accessories,Acccessories
TEC-CO-10001342,Electronic accessories,Acccessories
FUR-TA-10002093,Electronic accessories,Acccessories
TEC-PH-10002601,Electronic accessories,Acccessories
TEC-PH-10003560,Electronic accessories,Acccessories
TEC-PH-10002867,Electronic accessories,Acccessories
FUR-TA-10004524,Electronic accessories,Acccessories
FUR-BO-10003991,Electronic accessories,Acccessories
FUR-CH-10002250,Electronic accessories,Acccessories
FUR-TA-10001771,Electronic accessories,Acccessories
FUR-TA-10000299,Electronic accessories,Acccessories
TEC-MA-10000606,Electronic accessories,Acccessories
OFF-AP-10004183,Electronic accessories,Acccessories
TEC-SAM-10000765,Electronic accessories,Acccessories
OFF-AP-10001041,Electronic accessories,Acccessories
TEC-CO-10004404,Electronic accessories,Acccessories
TEC-PH-10000018,Electronic accessories,Acccessories
OFF-ST-10004315,Electronic accessories,Acccessories
FUR-SAU-10004653,Electronic accessories,Acccessories
FUR-CH-10002331,Electronic accessories,Acccessories
FUR-CH-10000783,Electronic accessories,Acccessories
TEC-AC-10003870,Electronic accessories,Acccessories
FUR-CH-10001897,Electronic accessories,Acccessories
FUR-BO-10001749,Electronic accessories,Acccessories
FUR-CH-10000602,Electronic accessories,Acccessories
FUR-TA-10001572,Electronic accessories,Acccessories
TEC-NOK-10004278,Electronic accessories,Acccessories
TEC-PH-10004057,Electronic accessories,Acccessories
FUR-BO-10004053,Electronic accessories,Acccessories
FUR-TA-10003715,Electronic accessories,Acccessories
TEC-MA-10001047,Electronic accessories,Acccessories
TEC-CO-10002313,Electronic accessories,Acccessories
TEC-PH-10002306,Electronic accessories,Acccessories
OFF-AP-10001593,Electronic accessories,Acccessories
TEC-PH-10003856,Electronic accessories,Phones
TEC-PH-10002742,Electronic accessories,Phones
TEC-CO-10001654,Electronic accessories,Phones
FUR-FU-10003806,Electronic accessories,Phones
TEC-PH-10000160,Electronic accessories,Phones
FUR-BO-10004771,Electronic accessories,Phones
TEC-CO-10000666,Electronic accessories,Phones
FUR-TA-10001786,Electronic accessories,Phones
FUR-TA-10004820,Electronic accessories,Phones
TEC-PH-10002597,Electronic accessories,Phones
FUR-TA-10001496,Electronic accessories,Phones
OFF-SU-10002881,Fashion accessories,Jewels
FUR-TA-10004744,Fashion accessories,Jewels
OFF-AP-10004512,Fashion accessories,Jewels
TEC-PH-10002815,Fashion accessories,Jewels
FUR-CH-10000891,Fashion accessories,Jewels
TEC-CO-10001449,Fashion accessories,Jewels
FUR-BO-10001372,Fashion accessories,Jewels
FUR-TA-10001205,Fashion accessories,Jewels
OFF-AP-10001630,Fashion accessories,Jewels
OFF-BI-10003527,Fashion accessories,Jewels
TEC-CO-10002269,Fashion accessories,Jewels
OFF-HOO-10001881,Fashion accessories,Jewels
TEC-MOT-10003348,Fashion accessories,Jewels
TEC-PH-10001990,Fashion accessories,Jewels
FUR-TA-10004575,Fashion accessories,Jewels
FUR-BO-10002003,Fashion accessories,Jewels
TEC-MA-10004002,Fashion accessories,Jewels
TEC-CO-10001926,Fashion accessories,Jewels
OFF-ST-10001496,Fashion accessories,Jewels
TEC-CO-10004099,Fashion accessories,Jewels
TEC-CO-10004722,Fashion accessories,Jewels
TEC-CO-10004535,Fashion accessories,Jewels
FUR-BO-10004679,Fashion accessories,Jewels
TEC-CO-10000865,Fashion accessories,Jewels
OFF-AP-10001623,Fashion accessories,Watches
TEC-CO-10004365,Fashion accessories,Watches
FUR-CH-10002061,Fashion accessories,Watches
FUR-HON-10003533,Fashion accessories,Watches
OFF-HOO-10004910,Fashion accessories,Watches
FUR-CH-10003581,Fashion accessories,Watches
TEC-PH-10002200,Fashion accessories,Watches
TEC-PH-10004196,Fashion accessories,Watches
FUR-BO-10001192,Fashion accessories,Watches
TEC-PH-10003002,Fashion accessories,Watches
FUR-CH-10000479,Fashion accessories,Watches
OFF-HOO-10000318,Fashion accessories,Watches
TEC-MA-10001148,Fashion accessories,Watches
FUR-BO-10002444,Fashion accessories,Watches
FUR-TA-10001705,Fashion accessories,Watches
FUR-CH-10002024,Fashion accessories,Watches
FUR-CH-10000843,Fashion accessories,Watches
TEC-PH-10001076,Fashion accessories,Watches
TEC-PH-10001457,Fashion accessories,Watches
TEC-PH-10002597,Fashion accessories,Watches
OFF-AP-10003917,Fashion accessories,Watches
TEC-CO-10002617,Fashion accessories,Watches
OFF-AP-10003240,Fashion accessories,Watches
TEC-AC-10002049,Fashion accessories,Watches
FUR-BO-10001541,Fashion accessories,Watches
TEC-CO-10002663,Fashion accessories,Watches
OFF-AP-10000136,Fashion accessories,Watches
TEC-PH-10004505,Fashion accessories,Watches
TEC-MA-10002392,Fashion accessories,Watches
FUR-TA-10003354,Fashion accessories,Watches
OFF-BI-10003091,Fashion accessories,Watches
OFF-AP-10001169,Fashion accessories,Watches
TEC-MA-10004609,Fashion accessories,Watches
FUR-BO-10000490,Fashion accessories,Watches
FUR-CH-10004669,Fashion accessories,Watches
OFF-KIT-10001380,Fashion accessories,Watches
TEC-MA-10000753,Fashion accessories,Watches
FUR-LES-10002026,Fashion accessories,Watches
OFF-ST-10004459,Fashion accessories,Watches
FUR-CH-10004462,Fashion accessories,Watches
TEC-MOT-10002272,Fashion accessories,Watches
TEC-CO-10004997,Fashion accessories,Watches
FUR-BO-10004558,Fashion accessories,Watches
TEC-PH-10003457,Fashion accessories,Watches
TEC-CO-10002150,Fashion accessories,Watches
TEC-PH-10004823,Fashion accessories,Watches
FUR-CH-10000051,Fashion accessories,Watches
FUR-CH-10000602,Fashion accessories,Watches
OFF-AP-10002681,Fashion accessories,Watches
TEC-AC-10001838,Fashion accessories,Watches
FUR-BUS-10004644,Fashion accessories,Watches
TEC-PH-10000493,Fashion accessories,Watches
FUR-TA-10002966,Fashion accessories,Watches
TEC-AC-10002244,Fashion accessories,Watches
TEC-PH-10000018,Fashion accessories,Watches
FUR-TA-10003954,Fashion accessories,Watches
TEC-PH-10000303,Fashion accessories,Watches
TEC-MEM-10002005,Fashion accessories,Watches
FUR-CH-10002320,Fashion accessories,Watches
FUR-BO-10000035,Fashion accessories,Watches
OFF-AP-10001329,Fashion accessories,Watches
TEC-CO-10004563,Fashion accessories,Watches
FUR-BO-10000170,Fashion accessories,Watches
TEC-CO-10000562,Fashion accessories,Watches
TEC-MA-10000488,Fashion accessories,Watches
TEC-CIS-10002344,Fashion accessories,Watches
FUR-BO-10004043,Fashion accessories,Watches
TEC-PH-10001712,Fashion accessories,Watches
OFF-BRE-10002706,Fashion accessories,Watches
OFF-AP-10004511,Fashion accessories,Watches
TEC-AC-10004145,Fashion accessories,Watches
FUR-BO-10003559,Fashion accessories,Watches
FUR-BO-10004472,Fashion accessories,Watches
FUR-CH-10001215,Fashion accessories,Watches
TEC-CO-10002035,Fashion accessories,Watches
OFF-AP-10004031,Fashion accessories,Watches
TEC-CO-10002174,Fashion accessories,Watches
TEC-CIS-10001938,Fashion accessories,Watches
TEC-PH-10001751,Fashion accessories,Watches
TEC-PH-10003891,Fashion accessories,Watches
FUR-CH-10004063,Fashion accessories,Watches
TEC-AC-10000203,Fashion accessories,Watches
OFF-AP-10000487,Fashion accessories,Watches
FUR-BO-10004999,Fashion accessories,Watches
TEC-CO-10001191,Fashion accessories,Watches
TEC-CO-10003763,Fashion accessories,Watches
OFF-SU-10000151,Fashion accessories,Watches
OFF-ST-10000288,Fashion accessories,Watches
TEC-AC-10003265,Fashion accessories,Watches
FUR-CH-10000015,Fashion accessories,Watches
OFF-AP-10001776,Fashion accessories,Watches
TEC-CO-10003354,Fashion accessories,Watches
TEC-MA-10004655,Fashion accessories,Watches
TEC-PH-10000160,Fashion accessories,Watches
OFF-AP-10003287,Fashion accessories,Watches
TEC-CO-10001678,Fashion accessories,Watches
FUR-BO-10004834,Fashion accessories,Watches
OFF-AP-10003217,Fashion accessories,Watches
TEC-PH-10003492,Fashion accessories,Watches
TEC-PH-10004977,Fashion accessories,Watches
FUR-CH-10002980,Fashion accessories,Watches
TEC-MOT-10002560,Fashion accessories,Watches
TEC-PH-10000214,Fashion accessories,Watches
FUR-TA-10003473,Fashion accessories,Watches
FUR-CH-10004910,Fashion accessories,Rings
OFF-AP-10001018,Fashion accessories,Rings
OFF-AP-10003849,Fashion accessories,Rings
FUR-SAF-10002112,Fashion accessories,Rings
FUR-TA-10002650,Fashion accessories,Rings
TEC-PH-10000780,Fashion accessories,Rings
TEC-PH-10001670,Fashion accessories,Rings
FUR-SAF-10003469,Fashion accessories,Rings
FUR-TA-10001889,Fashion accessories,Rings
TEC-CO-10000262,Fashion accessories,Rings
TEC-BRO-10000374,Fashion accessories,Rings
FUR-TA-10002527,Fashion accessories,Rings
OFF-ST-10004315,Fashion accessories,Rings
FUR-BO-10004630,Fashion accessories,Rings
TEC-CO-10002095,Fashion accessories,Rings
TEC-MA-10003400,Fashion accessories,Rings
FUR-BO-10004113,Fashion accessories,Rings
OFF-ST-10003785,Fashion accessories,Rings
FUR-BO-10000624,Fashion accessories,Rings
TEC-MA-10000461,Fashion accessories,Rings
TEC-PH-10001578,Fashion accessories,Rings
FUR-CH-10004983,Fashion accessories,Rings
FUR-BO-10004665,Fashion accessories,Rings
TEC-CO-10002376,Fashion accessories,Rings
FUR-TA-10001786,Fashion accessories,Rings
TEC-PH-10003713,Fashion accessories,Rings
TEC-EPS-10003962,Fashion accessories,Rings
FUR-CHR-10001018,Fashion accessories,Rings
FUR-TA-10002519,Fashion accessories,Rings
FUR-BO-10004725,Fashion accessories,Rings
TEC-PH-10001396,Fashion accessories,Rings
FUR-TA-10003527,Fashion accessories,Rings
TEC-CIS-10000436,Fashion accessories,Rings
FUR-CH-10003973,Fashion accessories,Rings
FUR-CH-10001634,Fashion accessories,Rings
TEC-PH-10003762,Fashion accessories,Rings
OFF-ST-10004855,Fashion accessories,Rings
TEC-PH-10003794,Fashion accessories,Rings
FUR-TA-10000198,Food and beverages,Pizza
FUR-CH-10002033,Food and beverages,Pizza
TEC-CO-10000865,Food and beverages,Pizza
TEC-PH-10002885,Food and beverages,Pizza
FUR-TA-10003473,Food and beverages,Pizza
TEC-PH-10004583,Food and beverages,Pizza
FUR-CH-10000602,Food and beverages,Pizza
OFF-BI-10003527,Food and beverages,Pizza
TEC-CAN-10003392,Food and beverages,Pizza
FUR-CH-10003232,Food and beverages,Pizza
FUR-HAR-10002873,Food and beverages,Pizza
TEC-CO-10002526,Food and beverages,Pizza
TEC-CAN-10001437,Food and beverages,Pizza
OFF-BI-10004995,Food and beverages,Pizza
FUR-CH-10002024,Food and beverages,Pizza
TEC-CO-10001954,Food and beverages,Pizza
TEC-MA-10003515,Food and beverages,Pizza
TEC-PH-10004196,Food and beverages,Pizza
OFF-AP-10003598,Food and beverages,Pizza
FUR-CH-10002203,Food and beverages,Pizza
FUR-CH-10000749,Food and beverages,Pizza
FUR-CH-10002320,Food and beverages,Pizza
TEC-MA-10000822,Food and beverages,Pizza
TEC-PH-10000800,Food and beverages,Pizza
OFF-AP-10002090,Food and beverages,Pizza
TEC-CIS-10002344,Food and beverages,Pizza
OFF-AP-10004964,Food and beverages,Pizza
TEC-PH-10002759,Food and beverages,Pizza
TEC-MA-10000418,Food and beverages,Cakes
FUR-TA-10001889,Food and beverages,Cakes
TEC-PH-10000018,Food and beverages,Cakes
TEC-AC-10001949,Food and beverages,Cakes
TEC-MA-10001335,Food and beverages,Cakes
TEC-PH-10000493,Food and beverages,Cakes
FUR-TA-10000184,Food and beverages,Cakes
OFF-ST-10002900,Food and beverages,Cakes
OFF-AP-10002330,Food and beverages,Cakes
TEC-PH-10004664,Food and beverages,Cakes
TEC-CO-10001449,Food and beverages,Cakes
TEC-PH-10003856,Food and beverages,Cakes
TEC-PH-10001459,Food and beverages,Cakes
FUR-SAU-10004653,Food and beverages,Cakes
FUR-CH-10002093,Food and beverages,Cakes
TEC-CO-10002095,Food and beverages,Cakes
OFF-AP-10004350,Food and beverages,Cakes
TEC-MOT-10003348,Food and beverages,Cakes
TEC-CO-10003931,Food and beverages,Cakes
OFF-ST-10004748,Food and beverages,Cakes
OFF-AP-10000540,Food and beverages,Cakes
FUR-BO-10001934,Food and beverages,Cakes
TEC-CO-10003763,Food and beverages,Cakes
TEC-CO-10000679,Food and beverages,Cakes
FUR-TA-10002903,Food and beverages,Cakes
FUR-BO-10000567,Food and beverages,Cakes
FUR-TA-10004154,Food and beverages,Cakes
TEC-CO-10003777,Food and beverages,Cakes
TEC-PH-10002991,Food and beverages,Cakes
TEC-CO-10004567,Food and beverages,Cakes
TEC-PH-10002601,Food and beverages,Cakes
OFF-ROG-10001735,Food and beverages,Cakes
TEC-CO-10001413,Food and beverages,Cakes
TEC-MA-10001777,Food and beverages,Cakes
OFF-ROG-10001101,Food and beverages,Cakes
OFF-ST-10003741,Food and beverages,Cakes
FUR-CH-10002780,Food and beverages,Cakes
OFF-AP-10001931,Food and beverages,Cakes
FUR-CH-10000454,Food and beverages,Cakes
FUR-TA-10003268,Food and beverages,Cakes
FUR-BO-10001212,Food and beverages,Cakes
OFF-KIT-10003683,Food and beverages,Cakes
OFF-AP-10002321,Food and beverages,Cakes
TEC-SHA-10001231,Food and beverages,Cakes
OFF-AP-10002252,Food and beverages,Cakes
TEC-PH-10001751,Food and beverages,Cakes
TEC-CO-10003102,Food and beverages,Cakes
TEC-PH-10003713,Food and beverages,Cakes
OFF-AP-10002317,Food and beverages,Cakes
TEC-SHA-10000971,Food and beverages,Cakes
TEC-PH-10000720,Food and beverages,Cakes
TEC-CO-10003655,Food and beverages,Cakes
TEC-CO-10003354,Food and beverages,Cakes
TEC-PH-10000419,Food and beverages,Cakes
FUR-HON-10003871,Food and beverages,Cakes
OFF-AP-10001106,Food and beverages,Cakes
FUR-BO-10004771,Food and beverages,Cakes
TEC-CO-10000971,Food and beverages,Cakes
TEC-CO-10002122,Food and beverages,Cakes
FUR-BO-10004388,Food and beverages,Cakes
OFF-AP-10000675,Food and beverages,Cakes
FUR-TA-10000577,Food and beverages,Cakes
OFF-HAM-10004896,Food and beverages,Cakes
FUR-BO-10004842,Food and beverages,Cakes
FUR-TA-10003569,Food and beverages,Cakes
OFF-AP-10003275,Food and beverages,Cakes
FUR-TA-10001229,Food and beverages,Cakes
TEC-PH-10001457,Food and beverages,Cakes
FUR-BO-10000728,Food and beverages,Cakes
FUR-CH-10004675,Food and beverages,Cakes
OFF-AP-10002945,Food and beverages,Cakes
FUR-TA-10002786,Food and beverages,Cakes
FUR-CH-10000843,Food and beverages,Cakes
TEC-MOT-10000554,Food and beverages,Cakes
FUR-BO-10001749,Food and beverages,Cakes
OFF-SU-10000076,Food and beverages,Cakes
OFF-AP-10003032,Food and beverages,Cakes
TEC-PH-10000808,Food and beverages,Cakes
FUR-CH-10000885,Food and beverages,Cakes
OFF-AP-10000663,Food and beverages,Cakes
OFF-AP-10000584,Food and beverages,Cakes
FUR-CH-10001332,Food and beverages,Cakes
TEC-PH-10003794,Food and beverages,Cakes
FUR-TA-10003641,Food and beverages,Cakes
FUR-CH-10002573,Food and beverages,Cakes
FUR-CH-10002073,Food and beverages,Cakes
FUR-TA-10001095,Food and beverages,Cakes
FUR-CH-10000974,Food and beverages,Cakes
FUR-BO-10003282,Food and beverages,Cakes
TEC-CO-10001222,Food and beverages,Cakes
FUR-CH-10002980,Food and beverages,Cakes
TEC-PH-10002935,Food and beverages,Cakes
TEC-PH-10001795,Food and beverages,Cakes
OFF-AP-10003287,Food and beverages,Cakes
FUR-BO-10003738,Food and beverages,Cakes
TEC-KON-10002052,Food and beverages,Cakes
OFF-AP-10000213,Food and beverages,Cakes
TEC-MA-10004553,Food and beverages,Cakes
FUR-BO-10001356,Food and beverages,Cakes
OFF-AP-10000330,Food and beverages,Cakes
TEC-PH-10001725,Food and beverages,Cakes
TEC-MA-10003557,Food and beverages,Cakes
FUR-BO-10000160,Food and beverages,Cakes
FUR-BO-10004218,Food and beverages,Cakes
TEC-CO-10001192,Food and beverages,Cakes
OFF-AP-10000437,Food and beverages,Cakes
OFF-AP-10003057,Food and beverages,Cakes
TEC-PH-10002555,Food and beverages,Cakes
TEC-PH-10000895,Food and beverages,Drinks
TEC-CO-10002350,Food and beverages,Drinks
FUR-BO-10004541,Food and beverages,Drinks
TEC-PH-10004823,Food and beverages,Drinks
TEC-CO-10004662,Food and beverages,Drinks
TEC-CAN-10004839,Food and beverages,Drinks
FUR-BUS-10001243,Food and beverages,Drinks
TEC-PH-10002806,Food and beverages,Drinks
TEC-PH-10002815,Food and beverages,Drinks
TEC-CIS-10003501,Food and beverages,Drinks
FUR-CH-10003379,Food and beverages,Drinks
TEC-CO-10001626,Food and beverages,Drinks
TEC-HEW-10001074,Food and beverages,Drinks
TEC-CO-10001046,Food and beverages,Drinks
FUR-TA-10001100,Food and beverages,Drinks
OFF-AP-10003561,Food and beverages,Drinks
FUR-TA-10002433,Food and beverages,Drinks
OFF-BI-10003091,Food and beverages,Drinks
TEC-CO-10003226,Food and beverages,Drinks
TEC-AC-10003033,Health and beauty,Soaps
TEC-PH-10004583,Health and beauty,Soaps
OFF-BI-10003527,Health and beauty,Soaps
OFF-AP-10003500,Health and beauty,Soaps
TEC-AC-10004145,Health and beauty,Soaps
TEC-PH-10001363,Health and beauty,Soaps
FUR-CH-10001415,Health and beauty,Soaps
OFF-AP-10004246,Health and beauty,Soaps
TEC-CO-10000013,Health and beauty,Soaps
OFF-AP-10000486,Health and beauty,Soaps
FUR-CH-10003365,Health and beauty,Soaps
FUR-TA-10000226,Health and beauty,Soaps
FUR-CH-10000027,Health and beauty,Soaps
OFF-AP-10002945,Health and beauty,Soaps
FUR-BO-10004999,Health and beauty,Soaps
FUR-CHR-10001018,Health and beauty,Soaps
FUR-CH-10000602,Health and beauty,Soaps
FUR-CH-10002891,Health and beauty,Soaps
TEC-CO-10003102,Health and beauty,Soaps
TEC-MOT-10000554,Health and beauty,Soaps
FUR-BO-10001133,Health and beauty,Soaps
TEC-CO-10001633,Health and beauty,Soaps
TEC-PH-10000505,Health and beauty,Soaps
FUR-CH-10001215,Health and beauty,Soaps
TEC-CO-10003800,Health and beauty,Soaps
TEC-SAM-10004230,Health and beauty,Soaps
TEC-PH-10000169,Health and beauty,Soaps
FUR-CH-10000595,Health and beauty,Soaps
TEC-AC-10000866,Health and beauty,Soaps
TEC-MA-10003979,Health and beauty,Medicines
TEC-AC-10003832,Health and beauty,Medicines
FUR-BO-10001934,Health and beauty,Medicines
TEC-MA-10001127,Health and beauty,Medicines
TEC-CO-10001449,Health and beauty,Medicines
OFF-AP-10003382,Health and beauty,Medicines
OFF-AP-10003917,Health and beauty,Medicines
OFF-AP-10001824,Health and beauty,Medicines
FUR-CH-10000974,Health and beauty,Medicines
OFF-SU-10002881,Health and beauty,Medicines
TEC-NOK-10001283,Health and beauty,Medicines
OFF-BI-10001359,Health and beauty,Medicines
FUR-BAR-10004434,Health and beauty,Medicines
TEC-CO-10001654,Health and beauty,Medicines
FUR-CH-10001207,Health and beauty,Medicines
TEC-PH-10004196,Health and beauty,Medicines
TEC-PH-10002672,Health and beauty,Medicines
TEC-PH-10000106,Health and beauty,Medicines
OFF-HOO-10000335,Health and beauty,Medicines
FUR-BO-10001749,Health and beauty,Medicines
OFF-ROG-10003898,Health and beauty,Medicines
TEC-PH-10002815,Health and beauty,Medicines
TEC-MA-10000864,Health and beauty,Medicines
FUR-IKE-10001539,Health and beauty,Medicines
FUR-BO-10002545,Health and beauty,Medicines
OFF-AP-10004913,Health and beauty,Medicines
OFF-ST-10002900,Health and beauty,Medicines
FUR-BO-10003103,Health and beauty,Medicines
FUR-BO-10002580,Health and beauty,Medicines
TEC-PH-10004618,Health and beauty,Medicines
FUR-CH-10000660,Health and beauty,Medicines
TEC-CO-10003342,Health and beauty,Medicines
FUR-CH-10003009,Health and beauty,Medicines
FUR-BO-10002613,Health and beauty,Medicines
TEC-CIS-10002259,Health and beauty,Medicines
TEC-CO-10002040,Health and beauty,Medicines
TEC-PH-10001396,Health and beauty,Medicines
FUR-HON-10001960,Health and beauty,Medicines
FUR-CH-10000546,Health and beauty,Medicines
TEC-PH-10001670,Health and beauty,Medicines
FUR-BO-10001255,Health and beauty,Medicines
OFF-AP-10001593,Health and beauty,Medicines
TEC-MA-10002918,Health and beauty,Medicines
OFF-AP-10003275,Health and beauty,Medicines
FUR-CH-10000994,Health and beauty,Medicines
OFF-AP-10003558,Health and beauty,Medicines
FUR-BO-10001946,Health and beauty,Medicines
FUR-TA-10003954,Health and beauty,Medicines
TEC-AC-10003506,Health and beauty,Medicines
FUR-TA-10003926,Health and beauty,Medicines
FUR-BO-10002300,Health and beauty,Medicines
TEC-CO-10000847,Health and beauty,Medicines
FUR-SAU-10001776,Health and beauty,Medicines
TEC-CO-10004961,Health and beauty,Medicines
TEC-AC-10003753,Health and beauty,Medicines
TEC-PH-10000037,Health and beauty,Medicines
TEC-MA-10003557,Health and beauty,Medicines
TEC-PH-10003457,Health and beauty,Medicines
FUR-TA-10004383,Health and beauty,Medicines
TEC-PH-10000780,Health and beauty,Medicines
FUR-BUS-10002040,Health and beauty,Medicines
TEC-CO-10003346,Health and beauty,Medicines
TEC-PH-10000486,Health and beauty,Medicines
OFF-AP-10001106,Health and beauty,Medicines
FUR-HAR-10002873,Health and beauty,Medicines
OFF-BRE-10004436,Health and beauty,Medicines
FUR-CH-10000454,Health and beauty,Medicines
FUR-SAF-10002112,Health and beauty,Medicines
FUR-BO-10003991,Health and beauty,Medicines
TEC-AC-10002049,Health and beauty,Medicines
FUR-HAR-10004593,Health and beauty,Medicines
TEC-MA-10004446,Health and beauty,Medicines
FUR-TA-10002411,Health and beauty,Medicines
FUR-BUS-10001781,Health and beauty,Medicines
FUR-TA-10000927,Health and beauty,Medicines
TEC-MA-10000433,Health and beauty,Medicines
OFF-AP-10002312,Health and beauty,Medicines
FUR-TA-10001950,Health and beauty,Medicines
FUR-TA-10001360,Health and beauty,Medicines
FUR-TA-10004619,Health and beauty,Medicines
TEC-MA-10004502,Health and beauty,Medicines
FUR-TA-10003307,Health and beauty,Medicines
FUR-CH-10002872,Health and beauty,Medicines
TEC-AC-10002719,Health and beauty,Medicines
TEC-KON-10000837,Health and beauty,Medicines
TEC-CO-10000447,Health and beauty,Medicines
FUR-HON-10001851,Health and beauty,Medicines
TEC-MA-10003492,Health and beauty,Medicines
TEC-CO-10003019,Health and beauty,Medicines
FUR-CH-10003298,Health and beauty,Cosmetics
FUR-CH-10003941,Health and beauty,Cosmetics
TEC-CO-10003784,Health and beauty,Cosmetics
FUR-IKE-10001312,Health and beauty,Cosmetics
TEC-CO-10000953,Health and beauty,Cosmetics
FUR-TA-10004649,Health and beauty,Cosmetics
OFF-AP-10004646,Health and beauty,Cosmetics
OFF-ST-10001547,Health and beauty,Cosmetics
TEC-MA-10004929,Health and beauty,Cosmetics
TEC-PH-10002936,Health and beauty,Cosmetics
FUR-CH-10002573,Health and beauty,Cosmetics
TEC-MA-10003353,Health and beauty,Cosmetics
OFF-AP-10001190,Health and beauty,Cosmetics
TEC-CO-10003471,Health and beauty,Cosmetics
OFF-ST-10001719,Health and beauty,Cosmetics
TEC-CO-10000967,Health and beauty,Cosmetics
TEC-CO-10001895,Health and beauty,Cosmetics
OFF-AP-10004464,Health and beauty,Cosmetics
FUR-TA-10001633,Health and beauty,Cosmetics
TEC-PH-10004664,Home and lifestyle,Furnitures
FUR-TA-10002958,Home and lifestyle,Furnitures
OFF-KIT-10004058,Home and lifestyle,Furnitures
FUR-CH-10000027,Home and lifestyle,Furnitures
FUR-TA-10002827,Home and lifestyle,Furnitures
TEC-PH-10000499,Home and lifestyle,Furnitures
TEC-PH-10003856,Home and lifestyle,Furnitures
TEC-MOT-10002272,Home and lifestyle,Furnitures
TEC-CO-10001766,Home and lifestyle,Furnitures
OFF-AP-10002244,Home and lifestyle,Furnitures
TEC-MA-10000045,Home and lifestyle,Furnitures
TEC-PH-10004505,Home and lifestyle,Furnitures
OFF-AP-10002904,Home and lifestyle,Furnitures
TEC-CO-10001775,Home and lifestyle,Furnitures
OFF-AP-10000647,Home and lifestyle,Furnitures
FUR-BO-10001934,Home and lifestyle,Furnitures
TEC-CO-10002035,Home and lifestyle,Furnitures
TEC-PH-10003002,Home and lifestyle,Furnitures
TEC-MA-10003704,Home and lifestyle,Furnitures
OFF-AP-10002312,Home and lifestyle,Furnitures
FUR-BO-10000288,Home and lifestyle,Furnitures
FUR-TA-10001642,Home and lifestyle,Furnitures
FUR-BO-10004679,Home and lifestyle,Furnitures
FUR-BO-10000490,Home and lifestyle,Furnitures
FUR-TA-10003596,Home and lifestyle,Furnitures
FUR-TA-10003179,Home and lifestyle,Furnitures
TEC-PH-10001396,Home and lifestyle,Furnitures
FUR-TA-10003078,Home and lifestyle,Furnitures
OFF-BI-10001120,Home and lifestyle,Furnitures
OFF-ST-10002011,Home and lifestyle,Furnitures
OFF-SME-10000746,Home and lifestyle,Furnitures
OFF-ST-10001490,Home and lifestyle,Furnitures
FUR-CH-10003312,Home and lifestyle,Furnitures
TEC-PH-10000303,Home and lifestyle,Applicances
FUR-BO-10004999,Home and lifestyle,Applicances
FUR-BO-10004709,Home and lifestyle,Applicances
TEC-MA-10004772,Home and lifestyle,Applicances
FUR-BAR-10003532,Home and lifestyle,Applicances
FUR-TA-10000022,Home and lifestyle,Applicances
FUR-TA-10002153,Home and lifestyle,Applicances
TEC-MA-10000822,Home and lifestyle,Applicances
OFF-AP-10002793,Home and lifestyle,Applicances
FUR-BO-10003103,Home and lifestyle,Applicances
TEC-CO-10001818,Home and lifestyle,Applicances
OFF-AP-10002397,Home and lifestyle,Applicances
TEC-CAN-10001853,Home and lifestyle,Applicances
FUR-CH-10003232,Home and lifestyle,Applicances
OFF-AP-10000275,Home and lifestyle,Applicances
OFF-AP-10003057,Home and lifestyle,Applicances
TEC-SAM-10000345,Home and lifestyle,Applicances
OFF-ST-10004597,Home and lifestyle,Applicances
FUR-CH-10001664,Home and lifestyle,Applicances
TEC-MA-10002178,Home and lifestyle,Applicances
FUR-CH-10000602,Home and lifestyle,Applicances
TEC-CO-10002376,Home and lifestyle,Applicances
TEC-AC-10000639,Home and lifestyle,Applicances
OFF-AP-10001527,Home and lifestyle,Applicances
FUR-TA-10000989,Home and lifestyle,Applicances
TEC-CO-10003496,Home and lifestyle,Applicances
FUR-BO-10001196,Home and lifestyle,Applicances
FUR-CH-10003616,Home and lifestyle,Applicances
OFF-AP-10002252,Home and lifestyle,Applicances
FUR-BO-10003046,Home and lifestyle,Applicances
FUR-TA-10001116,Home and lifestyle,Applicances
FUR-BEV-10004919,Home and lifestyle,Applicances
TEC-OKI-10001385,Home and lifestyle,Tables
OFF-AP-10001824,Home and lifestyle,Tables
FUR-CH-10004095,Home and lifestyle,Tables
FUR-BO-10000980,Home and lifestyle,Tables
OFF-AP-10002573,Home and lifestyle,Tables
FUR-BO-10002736,Home and lifestyle,Tables
FUR-BO-10004852,Home and lifestyle,Tables
TEC-HEW-10003829,Home and lifestyle,Tables
OFF-BRE-10001107,Home and lifestyle,Tables
FUR-CH-10001332,Home and lifestyle,Tables
FUR-CH-10001588,Home and lifestyle,Tables
FUR-CH-10000051,Home and lifestyle,Tables
OFF-AP-10003561,Home and lifestyle,Tables
TEC-MA-10000488,Home and lifestyle,Tables
TEC-STA-10003330,Home and lifestyle,Tables
TEC-CAN-10000932,Home and lifestyle,Tables
FUR-TA-10001494,Home and lifestyle,Tables
FUR-BO-10001165,Home and lifestyle,Tables
FUR-BO-10003697,Home and lifestyle,Tables
TEC-SAM-10004785,Home and lifestyle,Tables
FUR-TA-10004801,Home and lifestyle,Tables
FUR-BO-10001370,Home and lifestyle,Tables
TEC-CO-10004089,Home and lifestyle,Tables
FUR-CHR-10002686,Home and lifestyle,Tables
TEC-MA-10004535,Home and lifestyle,Tables
TEC-CO-10003901,Home and lifestyle,Tables
TEC-PH-10003513,Home and lifestyle,Tables
FUR-CH-10002250,Home and lifestyle,Tables
FUR-BO-10004695,Home and lifestyle,Tables
TEC-CO-10001839,Home and lifestyle,Tables
OFF-HAM-10003368,Home and lifestyle,Tables
FUR-CH-10004774,Home and lifestyle,Tables
FUR-TA-10002951,Home and lifestyle,Tables
FUR-TA-10004745,Home and lifestyle,Tables
FUR-HAR-10004086,Home and lifestyle,Tables
TEC-MA-10003223,Home and lifestyle,Tables
TEC-CO-10003262,Home and lifestyle,Tables
FUR-BO-10003126,Home and lifestyle,Tables
FUR-BO-10003873,Home and lifestyle,Tables
TEC-CO-10000972,Home and lifestyle,Tables
FUR-BO-10002708,Home and lifestyle,Tables
FUR-TA-10003569,Home and lifestyle,Tables
TEC-CO-10004027,Home and lifestyle,Tables
TEC-CO-10000051,Home and lifestyle,Tables
TEC-CO-10001008,Home and lifestyle,Tables
OFF-AP-10004186,Home and lifestyle,Tables
TEC-PH-10002320,Home and lifestyle,Tables
TEC-CIS-10002344,Home and lifestyle,Tables
TEC-PH-10000030,Home and lifestyle,Tables
TEC-CO-10000771,Home and lifestyle,Tables
FUR-BO-10004834,Home and lifestyle,Tables
TEC-PH-10004539,Home and lifestyle,Tables
FUR-SAU-10004221,Home and lifestyle,Tables
FUR-BO-10003881,Home and lifestyle,Tables
FUR-CH-10003846,Home and lifestyle,Tables
OFF-AP-10002534,Home and lifestyle,Tables
FUR-BO-10004648,Home and lifestyle,Tables
TEC-CO-10002009,Home and lifestyle,Tables
OFF-ST-10003306,Home and lifestyle,Tables
TEC-CO-10004078,Home and lifestyle,Tables
TEC-MEM-10002005,Home and lifestyle,Tables
TEC-PH-10001187,Home and lifestyle,Tables
OFF-BI-10004584,Home and lifestyle,Tables
FUR-CH-10002203,Home and lifestyle,Tables
TEC-MA-10003351,Home and lifestyle,Tables
TEC-CO-10003759,Home and lifestyle,Tables
FUR-BO-10004707,Home and lifestyle,Tables
TEC-AC-10001908,Home and lifestyle,Tables
TEC-CO-10000794,Home and lifestyle,Tables
TEC-CO-10002043,Home and lifestyle,Tables
OFF-AP-10003834,Home and lifestyle,Tables
OFF-AP-10001931,Home and lifestyle,Tables
TEC-MA-10003078,Home and lifestyle,Tables
FUR-BO-10003301,Home and lifestyle,Tables
OFF-BI-10001359,Home and lifestyle,Tables
OFF-AP-10000717,Home and lifestyle,Chairs
TEC-CAN-10004913,Home and lifestyle,Chairs
FUR-TA-10000207,Home and lifestyle,Chairs
TEC-PH-10000419,Home and lifestyle,Chairs
FUR-BO-10000892,Home and lifestyle,Chairs
TEC-PH-10002867,Home and lifestyle,Chairs
FUR-BO-10002990,Home and lifestyle,Chairs
OFF-AP-10002518,Home and lifestyle,Chairs
FUR-BO-10002766,Home and lifestyle,Chairs
TEC-SHA-10000501,Sports and travel,Bags
OFF-AP-10000423,Sports and travel,Bags
OFF-AP-10004512,Sports and travel,Bags
TEC-PH-10004182,Sports and travel,Bags
TEC-MA-10000161,Sports and travel,Bags
FUR-CH-10002024,Sports and travel,Bags
TEC-APP-10000308,Sports and travel,Bags
TEC-MA-10003979,Sports and travel,Bags
FUR-BO-10004852,Sports and travel,Bags
FUR-BO-10001073,Sports and travel,Bags
TEC-PH-10002035,Sports and travel,Bags
TEC-PH-10002565,Sports and travel,Bags
TEC-PH-10004196,Sports and travel,Bags
TEC-PH-10004327,Sports and travel,Bags
OFF-AP-10001621,Sports and travel,Bags
FUR-BO-10003282,Sports and travel,Bags
FUR-TA-10003392,Sports and travel,Bags
OFF-AP-10002552,Sports and travel,Bags
FUR-BO-10001498,Sports and travel,Bags
TEC-MA-10001047,Sports and travel,Balls
TEC-MA-10001127,Sports and travel,Balls
OFF-BI-10000545,Sports and travel,Balls
FUR-TA-10001932,Sports and travel,Balls
TEC-CO-10004398,Sports and travel,Balls
TEC-AC-10000420,Sports and travel,Balls
FUR-BO-10001212,Sports and travel,Balls
FUR-CH-10001854,Sports and travel,Balls
TEC-MA-10000984,Sports and travel,Balls
TEC-AC-10000376,Sports and travel,Balls
FUR-BO-10003541,Sports and travel,Balls
TEC-PH-10000499,Sports and travel,Balls
OFF-AP-10001041,Sports and travel,Balls
OFF-AP-10002330,Sports and travel,Balls
FUR-TA-10002153,Sports and travel,Balls
TEC-PH-10001699,Sports and travel,Balls
FUR-TA-10000347,Sports and travel,Balls
OFF-AP-10002090,Sports and travel,Balls
TEC-CO-10003819,Sports and travel,Balls
TEC-EPS-10000053,Sports and travel,Balls
OFF-ST-10004060,Sports and travel,Balls
FUR-BO-10002708,Sports and travel,Balls
TEC-PH-10004664,Sports and travel,Balls
OFF-AP-10000407,Sports and travel,Balls
TEC-NOK-10004339,Sports and travel,Balls
TEC-MA-10004534,Sports and travel,Balls
FUR-BO-10003991,Sports and travel,Balls
TEC-PH-10002623,Sports and travel,Balls
TEC-CO-10002040,Sports and travel,Balls
TEC-CO-10000556,Sports and travel,Balls
TEC-HEW-10003460,Sports and travel,Balls
OFF-BI-10003527,Sports and travel,Balls
FUR-TA-10001276,Sports and travel,Balls
FUR-CH-10000685,Sports and travel,Balls
TEC-CO-10001419,Sports and travel,Balls
FUR-BO-10001471,Sports and travel,Balls
TEC-AC-10003870,Sports and travel,Balls
TEC-MA-10000822,Sports and travel,Balls
FUR-BO-10002213,Sports and travel,Balls
FUR-BO-10000120,Sports and travel,Balls
OFF-ST-10003150,Sports and travel,Balls
FUR-BO-10000288,Sports and travel,Balls
TEC-PH-10001457,Sports and travel,Balls
FUR-TA-10002256,Sports and travel,Rockets
TEC-PH-10002759,Sports and travel,Rockets
TEC-PH-10004586,Sports and travel,Rockets
TEC-MEM-10002005,Sports and travel,Rockets
FUR-CH-10004086,Sports and travel,Rockets
TEC-PH-10001795,Sports and travel,Rockets
FUR-BO-10002204,Sports and travel,Rockets
TEC-AC-10004571,Sports and travel,Rockets
TEC-PH-10000730,Sports and travel,Rockets
TEC-PH-10000896,Sports and travel,Rockets
FUR-BO-10000967,Sports and travel,Rockets
TEC-STA-10002497,Sports and travel,Rockets
FUR-BO-10002990,Sports and travel,Rockets
OFF-AP-10002793,Sports and travel,Rockets
OFF-SME-10000538,Sports and travel,Rockets
OFF-CUI-10000682,Sports and travel,Rockets
TEC-PH-10002672,Sports and travel,Rockets
FUR-CH-10001271,Sports and travel,Rockets
TEC-CO-10000447,Sports and travel,Rockets
TEC-PH-10000018,Sports and travel,Rockets
FUR-CH-10002573,Sports and travel,Rockets
OFF-ST-10000704,Sports and travel,Rockets
OFF-SU-10002881,Sports and travel,Rockets
TEC-PH-10004006,Sports and travel,Rockets
FUR-TA-10004154,Sports and travel,Rockets
FUR-BO-10003783,Sports and travel,Rockets
OFF-HOO-10001783,Sports and travel,Rockets
TEC-AC-10004849,Sports and travel,Rockets
OFF-ST-10004267,Sports and travel,Rockets
FUR-TA-10002533,Sports and travel,Rockets
OFF-AP-10004201,Sports and travel,Rockets
TEC-CO-10004961,Sports and travel,Rockets
OFF-ST-10003716,Sports and travel,Rockets
OFF-BI-10001359,Sports and travel,Rockets
TEC-PH-10001066,Sports and travel,Rockets
FUR-BO-10002812,Sports and travel,Rockets
TEC-CO-10000660,Sports and travel,Rockets
TEC-CO-10004170,Sports and travel,Rockets
OFF-ST-10001478,Sports and travel,Rockets
TEC-PH-10004074,Sports and travel,Rockets
FUR-CH-10003232,Sports and travel,Rockets
FUR-BO-10001309,Sports and travel,Rockets
TEC-PH-10000030,Sports and travel,Rockets
TEC-MA-10004609,Sports and travel,Rockets
FUR-CH-10003981,Sports and travel,Rockets
TEC-PH-10003683,Sports and travel,Rockets
OFF-AP-10003795,Sports and travel,Rockets
TEC-MA-10002148,Sports and travel,Rockets
TEC-PH-10004910,Sports and travel,Rockets
FUR-BO-10004844,Sports and travel,Rockets
FUR-BO-10001822,Sports and travel,Rockets
OFF-AP-10002945,Sports and travel,Rockets
FUR-BAR-10000946,Sports and travel,Rockets
TEC-MA-10001009,Sports and travel,Rockets
FUR-TA-10002467,Sports and travel,Rockets
TEC-PH-10002549,Sports and travel,Rockets
TEC-BEL-10003985,Sports and travel,Rockets
FUR-BUS-10004820,Sports and travel,Rockets
TEC-PH-10002683,Sports and travel,Rockets
TEC-MA-10003356,Sports and travel,Rockets
TEC-CIS-10002259,Sports and travel,Rockets
TEC-PAN-10000577,Sports and travel,Rockets
FUR-BO-10001392,Sports and travel,Rockets
TEC-PH-10002652,Sports and travel,Rockets
TEC-AC-10004938,Sports and travel,Rockets
OFF-ROG-10002294,Sports and travel,Rockets
OFF-ST-10003208,Sports and travel,Rockets
TEC-PH-10001990,Sports and travel,Rockets
FUR-BAR-10002449,Sports and travel,Rockets
TEC-PH-10003870,Sports and travel,Rockets
FUR-TA-10000226,Sports and travel,Rockets
TEC-MA-10003780,Sports and travel,Rockets
FUR-BO-10004043,Sports and travel,Rockets
TEC-PH-10003713,Sports and travel,Rockets
OFF-ST-10002743,Sports and travel,Rockets
FUR-TA-10002972,Sports and travel,Rockets
TEC-AC-10002637,Sports and travel,Rockets
OFF-AP-10003963,Sports and travel,Rockets
FUR-BO-10000666,Sports and travel,Rockets
OFF-BI-10003656,Sports and travel,Rockets
FUR-BO-10000112,Sports and travel,Rockets
TEC-CO-10004202,Sports and travel,Bats
OFF-AP-10000162,Sports and travel,Bats
TEC-PH-10002601,Sports and travel,Bats
FUR-TA-10004744,Sports and travel,Bats
FUR-CH-10001215,Sports and travel,Bats
TEC-MA-10004669,Sports and travel,Bats
TEC-CO-10001654,Sports and travel,Bats
TEC-CO-10003158,Sports and travel,Bats
FUR-BO-10002892,Sports and travel,Bats
TEC-CO-10004567,Sports and travel,Bats
FUR-CH-10000847,Sports and travel,Bats
OFF-AP-10003511,Sports and travel,Bats
TEC-CO-10001162,Sports and travel,Bats
FUR-CH-10001913,Sports and travel,Bats
